platform,title,description,rating,review_date,review,status,began_date,completed_date,tags,notes,groups,copies,created,studio,released_date,price,upc,ean,number_of_discs,esrb
PC,"Rayman 3: Hoodlum Havoc","Rayman est en pleine forme et il dispose de nouveaux pouvoirs et équipements dernier cri : Shock Rockets, LockJaw, Funky-Boards et bien d'autres gadgets géniaux. Foncez dans des batailles stratégiques intenses avec votre Hoodlum Army déjantée et affrontez de gigantesques boss capables de se métamorphoser. Plongez dans différents univers immenses et époustouflants, souvent hilarants et peuplé de personnages déjantés, tel Globox auquel John Leguizamo prête sa voix. Vivez une aventure étrange et épique bourrée d'humour.",,,,,,,PC,,,1,2021-03-01,Ubisoft,2003-03-20,,,3307210116543,,
PC,"Witcher 3: Wild Hunt, The","The Witcher 3: Wild Hunt est un RPG en monde ouvert, dans un univers fantasy hautement scénarisé aux graphismes époustouflants où chacun de vos choix est décisif. Vous incarnez un chasseur de monstres professionnel chargé de retrouver l'enfant de la prophétie dans un vaste monde riche en cités marchandes, cols périlleux et grottes oubliées.

Dans la peau d'un tueur de monstres
Formés dès leur plus jeune âge et dotés de capacités surhumaines suite à des mutations, les sorceleurs représentent une force d'opposition peu considérée.

Explorez un monde fantasy non manichéen
Conçu pour offrir un nombre d'aventures incalculable, l'univers de The Witcher a défini de nouveaux standards en termes de taille, profondeur et complexité.

Recherchez l'enfant de la prophétie
Acceptez le contrat de votre carrière en cherchant l'enfant de la prophétie, sur les épaules de laquelle repose le sort du monde.",,,,,,,"PC,The Witcher",,,1,2021-03-01,"Visiter la boutique Bandai Namco Entertainment",,,,3391891979344,,
"PlayStation 4","Fallout 4","Bethesda Game Studios, studio de développement maintes fois récompensé à l'origine de Fallout 3 et Skyrim, vous invite à découvrir Fallout 4. Récompensé par plus de 50 Jeux de l'année, et avec les honneurs au D.I.C.E. 2016. Fallout 4 constitue son titre le plus ambitieux à ce jour et la nouvelle génération du jeu en monde ouvert. Seul survivant de l'abri 111, vous émergez dans un monde dévasté par une guerre nucléaire. Vous seul pouvez reconstruire les Terres désolées et changer leur destin. Welcome home.",,,,,,,PS4,,,1,2021-03-01,"Just For Games",2017-08-18,,,3700664523668,,"Jeunes adultes"
"PlayStation 3","KINGDOM HEARTS HD 2.5 ReMIX - Limited Edition","KINGDOM HEARTS HD 2.5 ReMIX est une compilation remasterisée en HD de KINGDOM HEARTS II FINAL MIX et KINGDOM HEARTS Birth by Sleep FINAL MIX. Jusqu’ici exclusifs au marché japonais, ces 2 jeux seront disponibles pour la première fois en Europe, sur système PlayStation 3. Cette compilation unique inclut également les scènes cinématiques remastérisées en HD du jeu Nintendo DS, KINGDOM HEARTS Re:coded. Ce jeu est la suite de KINGDOM HEARTS HD 1.5 ReMIX et précède le très attendu KINGDOM HEARTS III.

La saga KINGDOM HEARTS continue avec 3 voyages magiques en un seul volume !",,,,,,,"Kingdom Hearts,PS3",,,1,2021-03-01,"Marque : Square Enix",,,,5021290064751,,
"PlayStation 3","KINGDOM HEARTS HD 1.5 ReMIX  - Limited Edition","Entièrement remasterisé en haute définition, KINGDOM HEARTS HD 1.5 ReMIX regroupe les jeux encensés par la critique KINGDOM HEARTS FINAL MIX et KINGDOM HEARTS Re:Chain of Memories, disponibles pour la toute première fois en Europe. Cette magnifique compilation inclut également les scènes cinématiques en HD du scénario de KINGDOM HEARTS 358/2 Days, et offre une jouabilité améliorée ainsi qu#un grand nombre de trophées PlayStation3.",,,,,,,"Kingdom Hearts,PS3",,,1,2021-03-01,"Square Enix",,,,5021290057609,,
"PlayStation 3","Uncharted 3: L’Illusion de Drake - Special Edition","Contenu de l'édition limitée Uncharted 3 : l'illusion de Drake  (à télécharger sur le PSN)
- Skin multijoueur London Drake et arme Pirate AK-47
- Provocation Upper Cut (pour narguer l'adversaire)
- Multiplicateur de cash : pour obtenir de l'argent plus vite dans les parties en ligne
- Pack de décals spéciaux : des décals pour personnaliser les objets de vos avatars

Nathan Drake se lance dans une nouvelle quête sur PlayStation 3 pour retrouver le légendaire Atlantis of the Sands. Nathan Drake bénéficie désormais d'options d'affrontement encore plus nombreuses : combat rapproché avec plusieurs adversaires, attaques de mêlée contextuelles et nouvelles techniques furtives.  Les modes multijoueur en coopération et en affrontement sont de retour, avec un gameplay inédit et de nombreuses fonctionnalités supplémentaires. L'univers d'Uncharted propose une expérience multijoueur très originale, puisque les fonctionnalités cinéma du mode solo sont pour la première fois intégrées au mode multi. Narration primée et scènes d'action cinématographiques dignes d'Hollywood. Avec son scénario palpitant, ses scènes d'action spectaculaires et son rythme trépidant, Uncharted 3 : Drake's Deception offre une aventure interactive et cinématographique qui prouve que les jeux vidéo n'ont rien à envier aux grosses productions hollywoodiennes !  De nouveaux lieux, des défis inédits, des environnements aux détails à couper le souffle. Au cours de son périple de l'Europe au Moyen-Orient, Nathan Drake traversera de nombreux environnements spectaculaires.",,,,,,,"PS3,Uncharted",,,1,2021-03-01,Sony,,,711719125891,711719125891,,Adolescents
"PlayStation 4","Last Guardian - Steelbook, The","Un périple inoubliable

Découvrez la puissance de l'amitié entre un enfant et son compagnon mystique, dans un des jeux les plus attendus de cette décennie, signé par le génie créatif à l'origine d'Ico et de Shadow of the Colossus.

Entrez dans un conte émouvant de camaraderie et d'espoir, où Trico et vous-même serez confrontés, au cours de votre périble, à des casse-tête complexes pour découvrir la vérité enfouie sous un mystère ancestral. Gagnez la confiance de Trico pour surmonter d'énormes obstacles tout au long du voyage le plus inoubliable de votre vie.",,,,,,,"ICO,PS4",,,1,2021-03-01,Sony,2016-12-07,,711719838654,711719838654,,"Cote en attente"
"PlayStation 3","Last of Us, The","Le  monde que nous connaissons n’existe plus. L’humanité a été infectée par  un virus transformant les hommes en bêtes sanguinaires. Vous incarnez  Joel durant son périple à travers des Etats-Unis dévastés. Accompagné  d’Ellie, une jeune fille aussi brave que fragile, vous devrez lutter  pour survivre et échapper aux infectés mais surtout aux hommes restants  que la soif de vivre a rendus fous.",,,,,,,PS3,,,1,2021-03-01,Sony,,,711719274759,711719274759,,
"PlayStation 3","God of War 3","À la fin, seul règnera le chaos
Devenez Kratos, l'intrépide guerrier spartiate, alors qu’il déchaîne sa rage sur les dieux qui l'ont trahi. Émergez des profondeurs du royaume d'Hadès et montez jusqu'au sommet du mont Olympe pour étancher la soif de vengeance de Kratos.

Cet ultime chapitre de la trilogie God of War® est sans conteste un des plus grands spectacles vidéoludiques de l'histoire de PlayStation®.",,,,,,,"God of War,PS3",,,1,2021-03-01,Sony,2010-03-17,,711719157960,711719157960,,"Jeunes adultes"
"PlayStation 3","God of War Collection - God of War I + God of War II","Avec God of War Collection, revivez les premiers périples du guerrier spartiate Kratos en qualité HD sur Playstation 3 ! God of War Collection regroupe les hits de la Playstation 2 God of War et God of War II, deux beat them all sombres et violents dans lesquels Kratos s'attaque aux Dieux de l'Olympe, responsables de sa perte. Combats épiques, boss magistraux et cinématiques à couper le souffle vous attendent dans la compilation la plus attendue de la Playstation3 !",,,,,,,"God of War,PS3",,,1,2021-03-01,"Sony Computer",,,711719175766,711719175766,,"Jeunes adultes"
"PlayStation 3","Assassin's Creed: Revelations - Special Edition","Ezio Auditore doit abandonner son ancienne vie à la recherche de réponses, de la vérité. Dans Assassin's Creed Revelations, le Maître Assassin Ezio Auditore marche sur les traces d'Altaïr, mentor légendaire, sur un chemin qui doit le mener à la révélation. Ce chemin périlleux mènera Ezio à Constantinople, le coeur de l'empire ottoman, où une armée de Templiers s'assemble afin de déstabiliser la région.",,,,,,,"Assassin's Creed,PS3",,,1,2021-03-01,"Visiter la boutique Ubisoft",,,,3307215589762,,
"PlayStation 3","Uncharted 2: Among Thieves","Dévoilez le plus sombre secret de l'Histoire

Découvrez la Pierre de Chintamani

Entrez dans un milieu plein de dangers et de pièges, alors que Nathan Drake est obligé de replonger dans le traître monde des voleurs et des chasseurs de trésors/mercenaires. Lorsqu'un mystérieux artéfact pousse Drake à partir à la recherche de la légendaire vallée de Shambhala dans l'Himalaya, il se retrouve entraîné dans un jeu mortel du chat et de la souris face à un criminel de guerre en fuite qui recherche bien plus que les mythiques richesses de la cité perdue.

Poussé dans ses retranchements, Drake devra tout risquer... Sa chance a-t-elle fini par le quitter ?",,,,,,,"PS3,Uncharted",,,1,2021-03-01,Sony,,,711719128052,711719128052,,Adolescents
"PlayStation 3","Uncharted: Drake's Fortune","Pour Uncharted : Drake's Fortune, les créateurs du jeu ont développé un tout nouveau moteur afin d'obtenir le maximum des potentialités de la console PlayStation 3. En optimisant ainsi les composants, vous vivrez dans ce jeu la plus incroyable expérience ludique jamais rencontrée en terme de réalisme.Uncharted : Drake's Fortune se trouve à la croisée des chemins entre une aventure de Lara Croft et celle d'un prince de Perse très célèbre. Ici, vous incarnez Nathan Drake, un aventurier intrépide, prêt à affronter mille dangers sur une île perdue pour retrouver un trésor depuis longtemps enfoui. Evidemment, Nathan n'est pas seul dans cette course : des mercenaires se mettent sur sa voie, et les problèmes commencent... Heureusement, le joueur est là pour l'aider ! A vos manettes !",,,,,,,"PS3,Uncharted",,,1,2021-03-01,Sony,,,711719467052,711719467052,,
"PlayStation 3","SoulCalibur IV","La célèbre franchise SoulCalibur revient avec le 4ème opus. SoulCalibur IV commence là où le III s'est arrêté : Siegfried et Nightmare survivent à leur chute et sont prêts à se battre de nouveau pour le contrôle des deux épées légendaires : Soul Edge et SoulCalibur. Retrouvez en bonus dans la version PS3 le seigneur obscur Dark Vador.",,,,,,,"PS3,SoulCalibur",,,1,2021-03-01,Ubisoft,,,,3296580805112,,
"PlayStation 3","Assassin's Creed","Nous sommes en 1191. La troisième Croisade déchire la Terre Sainte. Vous, Altaïr, cherchez à mettre fin aux hostilités en plongeant les deux camps dans l'impasse. Vous êtes un Assassin, un impitoyable guerrier agissant dans l'ombre.",,,,,,,"Assassin's Creed,PS3",,,1,2021-03-01,Ubisoft,,,,3307210244246,,
"PlayStation 4","Horizon: Zero Dawn - Complete Edition","Dans le cadre de notre campagne Play At Home, vous pouvez télécharger et conserver ce jeu sans frais supplémentaires. Téléchargez-le avant le 15 mai à 05 h 00 CET.

LA TERRE NE NOUS APPARTIENT PLUS

Découvrez la quête légendaire d'Aloy, une jeune Nora, et dévoilez les mystères d'un monde dominé par de redoutables machines.

Rejetée par sa tribu, la chasseuse combat pour découvrir son passé et son destin… et arrêter une catastrophe menaçant le futur.

Déchaînez de puissantes attaques tactiques contre des machines uniques et des tribus rivales alors que vous explorez un monde rempli d'animaux sauvages et de dangers.

Horizon Zero Dawn™ est un jeu de rôle et d'action très primé. La Complete Edition inclut la magnifique extension The Frozen Wilds, avec de nouveaux territoires, compétences, armes et machines.",,,,,,,PS4,,,1,2021-03-01,Sony,2017-12-06,,711719959366,711719959366,,
"PlayStation 3","Assassin's Creed IV : Black Flag","Dans Assassin's Creed IV Black Flag, incarnez le capitaine Edward Kenway, qui côtoie des pirates de légende tels que Barbe-Noire, instaurez une république libertaire aux Bahamas et revivez les événements explosifs de l'Âge d'Or de la piraterie.",,,,,,,"Assassin's Creed,PS3",,,1,2021-03-01,"UBI Soft",,,,3307215704929,,
"PlayStation 3","Assassin's Creed III","Assassin's Creed III vous plonge au coeur de la guerre d'Indépendance américaine. Alors qu'il lutte pour protéger ses terres et son peuple, un Amérindien va devenir un Assassin attisant les flammes de la révolution qui va donner naissance à une nation.",,,,,,,"Assassin's Creed,PS3",,,1,2021-03-01,"UBI Soft",,,,3307215637678,,
"PlayStation 3","Assassin's Creed Brotherhood","Dans Assassin's Creed Brotherhood, incarnez Ezio, un Maître Assassin légendaire, dans la lutte qui l'oppose au puissant Ordre des Templiers. Il devra arpenter Rome, centre du pouvoir gangréné par l'avidité et la corruption, afin de frapper l'ennemi au cœur.",,,,,,,"Assassin's Creed,PS3",,,1,2021-03-01,"Third Party",,,,3307217927098,,
"PlayStation 3","Assassin's Creed II","Assassin's Creed 2 est la suite du jeu ayant connu les ventes les plus rapides, pour une nouvelle IP, de l'histoire du jeu vidéo. Ce titre très attendu présente un nouveau héros, Ezio Auditore, jeune noble italien, et une nouvelle époque, la Renaissance.",,,,,,,"Assassin's Creed,PS3",,,1,2021-03-01,Ubisoft,2012-09-27,,,3307215658956,,
"PlayStation 3","SoulCalibur V","SOULCALIBUR V se situe 17 ans après les évènements de SOULCALIBUR IV où de nouveaux héros et d’anciens combattants s’affrontent dans une bataille épique opposant le bien et le mal. Élu meilleur jeu de combat de la Gamescom, SOULCALIBUR V compte bien redorer le blason du genre et vous offrir une expérience unique de combats épiques.",,,,,,,"PS3,SoulCalibur",,,1,2021-03-01,Namco,2012-02-03,,,3391891958592,,Adolescents
"PlayStation 3","Ni no Kuni : La Vengeance de la Sorcière Céleste","Ni no Kuni : La vengeance de la Sorcière céleste conte l'histoire touchante d'un jeune garçon nommé Oliver, parti explorer un monde parallèle dans l'espoir de devenir magicien et ressusciter sa mère qu'il vient de perdre. Durant son périple, Oliver rencontrera de nombreux amis qui l'aideront à grandir et évoluer. Il pourra également se lier d'amitié avec les fabuleuses créatures qui peuplent cet univers parallèle, autant de familiers potentiels qu'Oliver pourra élever jusqu'à rassembler une véritable petite ménagerie. Ses compagnons animaux pourront affronter d'autres créatures en son nom ! Rejoignez Oliver dans cette quête qui lui fera traverser un monde enchanteur et affronter de nombreux ennemis redoutables. Caractéristiques   Un RPG qui conjugue les talents de deux studios légendaires – Ni no Kuni est l'œuvre combinée du célèbre développeur de jeux vidéo LEVEL-5 et du mythique studio d'animation Ghibli. C'est Joe Hisaishi, compositeur tout aussi légendaire de nombreux films Ghibli, qui signe la musique. Le RPG qui en résulte représente la parfaite synthèse de ces talents extraordinaires. Un jeu visuellement stupéfiant – Au fil de votre périple avec Oliver, vous vous immergerez dans de nombreux environnements, paysages et villes spectaculaires. Vous aurez véritablement l'impression de pénétrer dans l'univers d'un film d'animation décliné en jeu vidéo. Tous les ingrédients d'un RPG et bien plus – LEVEL-5 prouve une nouvelle fois sa maîtrise du genre en proposant un jeu qui contient tous les éléments incontournables d'un RPG, mais aussi de nombreuses innovations : une carte explorable librement, divers systèmes de transport, un système de combat tactique mais facile d'accès ainsi que d'innombrables quêtes secondaires, mini-jeux et autres bonus. Une histoire captivante, racontée à travers des cinématiques façon anime – Dans l'univers magique de Ni no Kuni, vous vivrez avec votre alter ego Oliver une quête qui vous fera rencontrer toutes sortes de personnages. C'est Yoshiyuki Momose du Studio Ghibli qui a supervisé les ‘storyboards’ des cinématiques et dirigé les séquences de motion-capture, transposant ainsi dans le jeu tout son talent issu du monde de l'animation.",,,,,,,"Ni no Kuni,PS3",,,1,2021-03-01,Namco,,,,3391891965835,,
"PlayStation 3","ICO & Shadow of the Colossus: Classics HD","Découvrez les épisodes PS2 ICO & Shadow of the Colossus remasterisés et jouables sur PS3 en Haute Définition
Plongez dans deux incroyables aventures truffées de combats époustouflants et novateurs, de stratégie, d'exploration et d'énigmes à résoudre.
Incarnez un jeune homme courageux et sauvez une princesse dans ICO.
Dans Shadow of the Colossus, combattez des créatures mythiques au cours de votre quête de la vérité concernant l'ancienne légende d'un pouvoir caché dans une étrange contrée.",,,,,,,"ICO,PS3",,,1,2021-03-01,Noname,,,711719135791,711719135791,,
"PlayStation 3","Tomb Raider - Combat Strike Edition","Amélioration de pistolet : le silencieuxLe pistolet silencieux permettra à Lara d’utiliser des tactiques d’infiltration pour gérer les situations les plus compliquées.  Amélioration Réticule de tir « headshot »Le réticule de visée permettra à Lara d’utiliser ses armes plus précisément. Quand il est utilisé avec le pistolet silencieux, ils forment une combinaison mortelle. Amélioration de Pistolet : Mode rafaleCette rafale de trois coups permettra à Lara  de libérer une grêle de plombs sur ses ennemis. Amélioration de l’aptitude Instinct AnimalL’aptitude Instinct Animal  vous permettra de déceler les animaux à fort potentiel XP dans le mode Instinct de Survie et vous aidera à améliorer votre aptitude en un rien de temps.   Tomb Raider part à la découverte des origines de Lara Croft : comment cette jeune femme peu sûre d'elle a-t-elle bien pu devenir la combattante que l'on connaît ? Avec pour seules armes son instinct et sa capacité à repousser les limites de son endurance, Lara va devoir se battre pour déjouer les sombres mystères d'une île oubliée et échapper à son emprise.",,,,,,,"PS3,Tomb Raider",,,1,2021-03-01,"Square Enix",,,,5021290054165,,
"PlayStation 3","Elder Scrolls V : Skyrim, The","Skyrim : jeu de l'année 2011  Description : L'Empire de Tamriel va bientôt sombrer. Le Haut-Roi de Bordeciel a été assassiné. Les alliances se forment selon les prétendants au trône. Ce conflit a malheureusement réveillé un mal bien plus grand et plus dangereux. Les Dragons, depuis longtemps oubliés des Elder Scrolls, reviennent à Tamriel. Le futur de Bordeciel et de l'Empire tout entier repose sur une prophétie évoquant le retour d'un fils de dragon : un héros possédant le pouvoir de la Voix, le seul et unique à être capable d'affronter les dragons.  Caractéristiques :    Renaissance d'une nouvelle fantasy épique. Skyrim réinvente la quête épique en monde ouvert tout en repoussant les limites du gameplay et de la technologie au sein de ce monde virtuel.    Vivre une autre vie, dans un autre monde. Incarnez les personnages les plus fous et agissez comme vous l'entendez : la liberté de choix, l'histoire et l'aventure légendaires de The Elder Scrolls reviennent en force.    Des graphismes décoiffants et un nouveau moteur de jeu. Le nouveau moteur de jeu de Skyrim donne vie à tout un monde virtuel, rempli de nuages cotonneux, de montagnes escarpées, de villes animées et de donjons anciens.  Dis-moi comment tu joues, je te dirai qui tu es. Accédez à des centaines d'armes, de sorts et de capacités. Le nouveau système de personnages vous permet de jouer comme vous l'entendez et de vous définir au travers de vos actions.  * Le retour des dragons. En tant que fils de dragon, affrontez d'anciens dragons, apprenez leurs secrets et emparez-vous de leurs pouvoirs.",,,,,,,PS3,,,1,2021-03-01,Bethesda,,,093155141261,93155143517,,
"PlayStation 4","Heavy Rain & BEYOND: Two Souls Collection","CHAQUE ACTION COMPTE

Créez vos propres histoires dramatiques, bourrées de suspense et de retournements de situation avec Heavy Rain™ et BEYOND: Two Souls™.

Ces deux jeux cultes, parmi les plus immersifs sur PlayStation®3, passent désormais au niveau supérieur sur PlayStation®4.

Vos choix et vos actions sont lourds de sens. Le déroulement de ces histoires... et la façon dont elles se termineront... dépendent entièrement de vous.

Heavy Rain™
Partez en quête de réponses pour démasquer le mystérieux tueur à origami et incarnez quatre personnages différents dans ce thriller psychologique tendu. Pesez vos choix avec attention. Chaque décision peut avoir de lourdes conséquences sur le jeu, et même déterminer qui vit et qui meurt.

BEYOND: Two Souls™
Utilisez de mystérieux pouvoirs alors que vous menez la vie extraordinaire de Jodie Holmes, une femme liée à une entité surnaturelle. Plongez dans une aventure psychologique intense et découvrez ce qui se cache vraiment au-delà.

Plateforme:",,,,,,,PS4,,,1,2021-03-01,,,,711719878049,711719878049,,"Jeunes adultes"
"PlayStation 4","Order: 1886","The Order : 1886 

Ceci n'est pas notre histoire 

Découvrez Londres comme vous ne l'avez jamais vue : en pleine époque victorienne, l'Homme utilise des technologies modernes pour combattre un puissant ennemi pluriséculaire. 

Vous incarnez un membre de l'ordre d'élite des chevaliers, et vous allez participer à une guerre qui dure depuis des siècles... et qui changera à jamais le cours de l'histoire.",,,,,,,PS4,,,1,2021-03-01,Sony,2015-02-20,,885160738563,711719806011,,"Jeunes adultes"
"PlayStation 4","Deus Ex : Mankind Divided - Day One Edition","Deus Ex: Mankind Divided se déroule directement à la suite de l'Incident, jour funeste au cours duquel les citoyens mécaniquement augmentés du monde entier ont perdu le contrôle de leur esprit et leur corps, provoquant ainsi la mort de millions d'innocents. Nous sommes en 2029, et la mode n'est plus aux augmentations. Les Augmentés vivent désormais en marge de la société. Les crimes et les attentats se multiplient pour tenter de dissimuler une sombre conspiration visant à contrôler l'avenir de l'humanité.",,,,,,,PS4,,,1,2021-03-01,"Square Enix",2016-08-23,,,5021290071445,,
"PlayStation 4","Kingdom Hearts : The Story So Far","Dans KINGDOM HEARTS –The Story So Far –, les porteurs de Keyblade peuvent revivre les aventures magiques de Sora, Donald, Dingo et leurs amis alors qu'ils tentent de repousser l'invasion de Sans-cœur qui met leur univers en péril. Les fans sont transportés dans des mondes Disney emblématiques où ils prêtent main-forte à des personnages Disney et FINAL FANTASY® populaires afin de repousser la menace des ténèbres et de restaurer la lumière dans tous les mondes.

La compilation inclut les jeux suivants :

- KINGDOM HEARTS HD 1.5+2.5 ReMIX
- KINGDOM HEARTS FINAL MIX
- KINGDOM HEARTS Re:Chain of Memories
- KINGDOM HEARTS 358/2 Days (cinématiques remastérisées en HD)
- KINGDOM HEARTS II FINAL MIX
- KINGDOM HEARTS Birth by Sleep Final MIX
- KINGDOM HEARTS Re:coded (cinématiques remastérisées en HD)

- KINGDOM HEARTS HD 2.8 FINAL CHAPTER PROLOGUE
- KINGDOM HEARTS Dream Drop Distance HD
- KINGDOM HEARTS 0.2 Birth by Sleep –A fragmentary passage–
- KINGDOM HEARTS χ Back Cover (film)",,,,,,,"Kingdom Hearts,PS4",,,1,2021-03-01,"Square Enix",2019-03-29,,,5021290083769,,
"PlayStation 4","Kingdom Hearts III","Découvrez le pouvoir de l'amitié et le combat qui oppose la lumière aux ténèbres avec Sora et ses amis alors qu'ils se lancent dans une dangereuse aventure dans KINGDOM HEARTS III. Voyagez à travers divers mondes Disney et Pixar avec Sora, un jeune garçon qui a hérité sans le savoir un pouvoir extraordinaire. Avec l'aide de Donald et Dingo, il doit empêcher les maléfiques Sans-Cœur d'envahir l'univers. Sora, Donald et Dingo font équipe avec des personnages Disney-Pixar cultes pour surmonter toutes les épreuves et tenir tête aux ténèbres qui menacent leurs mondes. • Explorez les mondes Disney et Pixar - Embarquez pour une aventure qui vous fera traverser l'univers Disney : voyagez à travers les mondes Disney et Pixar, protégez-les contre l'invasion des Sans-Cœur, et faites la connaissance des héros de Toy Story, Monstres et Cie, Big Hero 6, Raiponce, Hercule, et bien d'autres encore ! • Libérez le pouvoir des Keyblades - Les mystérieuses Keyblades peuvent désormais prendre des formes inédites dotées de nouvelles compétences, de nouvelles attaques, et de nouvelles animations. Équipez-vous de plusieurs Keyblades et débloquez des attaques spectaculaires en les combinant ! • Vivez une expérience magique - Lancez de puissants sorts dotés de superbes animations pour combattre les Sans-Cœur. Faites appel à vos amis Disney-Pixar et combattez ensemble. Renversez le cours du combat en invoquant les nouvelles « Attractions » inspirées des parcs à thème. • Des combats palpitants et riches en action - Explorez et interagissez directement avec les mondes Disney-Pixar. Repoussez des hordes de Sans-Cœur tout en escaladant des falaises à pic, en faisant de la plongée sous-marine, ou même en pleine chute libre. Découvrez des éléments de gameplay inédits créés tout spécialement pour chacun des nouveaux mondes ! • Redécouvrez des courts-métrages Disney cultes avec les mini jeux - Faites une pause avec plus de 20 mini jeux inspirés des courts-métrages cultes de Disney.",,,,,,,"Kingdom Hearts,PS4",,,1,2021-03-01,"Square Enix",2019-01-29,,,5021290068568,,E10+
"PlayStation 4",Doom,"DOOM revient sous une forme moderne qui conserve sa difficulté et sa brutalité. Des démons sans pitié, des armes d'une puissance inouïe et des mouvements rapides et fluides sont les fondations de ce jeu de tir intense à la première personne. La campagne du jeu ou que vous combattiez vos amis dans l'un des multiples modes multijoueur. Combinez votre arsenal d'armes futuristes et emblématiques et un système avancé de combat au corps-à-corps pour repousser, découper, piétiner, écraser et faire exploser les démons de manière violente et créative. Allongez votre expérience de jeu en utilisant l'éditeur DOOM SnapMap pour créer, jouer et partager facilement du contenu avec le monde entier.",,,,,,,PS4,,,1,2021-03-01,Bethesda,2016-05-13,,,5055856403364,,
"PlayStation 4","NieR: Automata - Game of The YoRHa Edition","Des envahisseurs venus d’un autre monde attaquent sans crier gare, déchaînant sur la race humaine des formes de vie mécaniques. Face à cette menace insurmontable, l’humanité se voit contrainte d’abandonner la planète et de se réfugier sur la Lune. Les humains développent une armée de soldats androïdes afin de vaincre la horde mécanique, mais ne parviennent malheureusement qu’à ralentir son avancée Pour y faire face, une nouvelle unité de soldats androïdes est envoyée au front : les YoRHa. Dans les territoires abandonnés, la guerre entre machines et androïdes fait rage. Une guerre qui va bientôt dévoiler les mystères longuement oubliés de ce monde…",,,,,,,PS4,,,1,2021-03-01,"Marque : Square Enix",,,,5021290083530,,
"PlayStation 4","Syberia 3","Entrez dans le monde enchanteur du chef d'œuvre de Benoit Sokal.

Kate Walker est retrouvée mourante sur un rivage par la tribu Youkole, un peuple nomade accompagnant leurs autruches des neiges en pleine migration. Ensemble, coincés et prisonniers de la ville de Valsembor, ils devront trouver un moyen de poursuivre leur périple, dans une course-poursuite contre leurs ennemis et des obstacles insoupçonnés. Sans compter l'ancienne vie de Kate qui commence à la ratrapper...

Un univers à la narration exceptionnelle, imaginé et dessiné par Benoit Sokal, et mis en musique par Inon Zur

Découvrez un monde enchanteur, mysterieux et plein de vie à explorer entièrement en 3D.

Plongez dans l'histoire, les énigmes originales et les mystères de la fabuleuse aventure d'une héroïne incomparable.",,,,,,,PS4,,,1,2021-03-01,Microïds,2017-04-20,,,3760156480886,,
"PlayStation 4","Ni no Kuni II: Revenant Kingdom","Bienvenue dans le monde merveilleux de Ni no Kuni !

Dépossédé de son trône lors d'un coup d'état, le jeune Evan embarque pour un voyage extraordinaire dans le but de fonder un nouveau royaume et de protéger les habitants des forces du mal qui les menacent.

Partez pour une aventure inoubliable mêlant des animations dignes de véritables dessins animés et jeu vidéo. Développé par LEVEL-5, Ni no Kuni II vous fera découvrir des personnages conçus par l'artiste de renom Yoshiyuki Momose, ainsi qu'une bande original composée par le très célèbre Joe Hisaishi.",,,,,,,"Ni no Kuni,PS4",,,1,2021-03-01,"Bandai Namco Entertainement France",2018-03-23,,,3391891995221,,
"PlayStation 4","Rise of the Tomb Raider : 20th Anniversary","Présentation Rise of the Tomb Raider : 20ème anniversaire comprend le jeu encensé par la critique Rise of the Tomb Raider, nominé pour plus de 75 prix, marquant l’évolution de Lara Croft de survivante à aventurière aguerrie, lorsqu’elle s’embarque dans sa première expédition de ""Tomb Raider"", qui l’emmènera dans les régions les plus hostiles de la Sibérie.  Rise of the Tomb Raider : 20ème anniversaire contient également une nouvelle aventure solo, ""Les liens du sang"", un nouveau mode coop pour le mode Endurance, le niveau de difficulté ""Survivant extrême"" pour l'histoire principale, une nouvelle tenue et une arme créées à l'occasion du vingtième anniversaire de la série, 5 skins classiques pour Lara et est compatible avec la réalité virtuelle. Le jeu inclut aussi tous les contenus téléchargeables précédemment sortis, dont Baba Yaga : Le temple de la sorcière, le mode Endurance, Réveil glacial, 12 tenues, 7 armes et 35 cartes d'expédition. Avec plus de 50 heures de jeu, il s'agit de la version du jeu la plus complète qui soit.  Caractéristiques principales • Un jeu d'action-aventure encensé par la critique : Dans Rise of the Tomb Raider, Lara découvre un mystère ancestral et se retrouve dans la ligne de mire d'une organisation impitoyable, Trinity. Elle se lance alors dans une course contre-la-montre pour percer ce secret avant Trinity, ce qui la mène au mythe de la cité perdue de Kitej. Lara comprend qu'elle doit parvenir à la cité perdue et percer ses secrets avant Trinity et se met en route pour la Sibérie dans sa toute première expédition archéologique. • Un nouveau mode solo, ""Les liens du sang"" : Suite à la mort de son père, Lara doit faire face à son oncle, qui remet en cause son héritage du manoir des Croft. Lara est bien déterminée à récupérer son legs et à prouver qu'elle est l'héritière légitime. Mais pour cela, elle devra affronter son passé. Explorez la maison d'enfance de Lara dans un mode Histoire d'une heure, et percez un secret familial qui changera radicalement la vie de notre héroïne. Vous pouvez jouer à ce nouveau mode en troisième personne, mais également en réalité virtuelle. • Un nouveau mode Cauchemar, ""Les liens du sang"" : Les pires cauchemars de Lara deviennent réalité : une horde de morts-vivants a envahi la maison de son enfance. Éliminez ces zombies et devenez une tueuse d'élite, avant que le cauchemar ne vous submerge ! Dans ce nouveau mode Cauchemar, affrontez vos amis et créez des défis de communauté grâce aux cartes. • Un nouveau mode Endurance en coop : Accompagné d'un ami, vous devez chercher, fouiller et fabriquer des objets pour résister aux éléments hostiles le jour, et aux menaces mortelles des ennemis, humains comme animaux, la nuit. Combien de temps vous et votre ami allez survivre dans ces environnements vastes et impitoyables ? Le feu nécessite du combustible. Le froid tue ceux qui n'y sont pas préparés. La nourriture restaure la santé. Et vous devez tout trouver, récupérer ou confectionner. Au début, vous n'aurez rien. À vous de tout trouver. Agissez ensemble et défiez d'autres joueurs dans cette course à la survie et hissez-vous au sommet du classement. • Du nouveau contenu pour les 20 ans de la série : Cinq skins classiques pour Lara Croft ainsi qu'une tenue faisant hommage au voyage de Lara en Antarctique dans Tomb Raider III. Ce nouveau contenu inclut également le niveau de difficulté ""Survivant ultime"" de Rise of the Tomb Raider, où les points de sauvegarde, les matériaux de fabrication, les ressources, les munitions et la santé seront beaucoup moins nombreux. Seuls les plus ingénieux et les plus débrouillards pourront survivre dans ce nouveau mode de difficulté extrême. • Tous les DLC : Cette version inclut tous les DLC qui complètent l'histoire solo et vous donnent la possibilité de défier vos amis. Trois sorties importantes vous mettront au défi de survivre dans les conditions extrêmes du mode Endurance, d'explorer une nouvelle tombe qui abrite une ancienne terreur dans Baba Yaga : Le temple de la sorcière, et d'affronter des vagues de prédateurs infectés dans Réveil glacial. De plus, vous pourrez personnaliser et développer de nombreux éléments et défier vos amis dans de nouvelles aventures grâce à de nouvelles tenues, armes et cartes d'expédition.",,,,,,,"PS4,Tomb Raider",,,1,2021-03-01,"Square Enix",2016-11-01,,,5021290074897,,
"PlayStation 4","God Of War","Vivant comme un homme loin de l’ombre des dieux, Kratos doit faire face à un monde inconnu, des menaces inattendues et une nouvelle chance d’être père. Avec son fils Atreus, il devra affronter le royaume de Midgard et ses dangers pour accomplir une quête des plus personnelles.
• Explorez un monde hostile peuplé de créatures terrifiantes tout droit issues de la mythologie nordique.
• Dominez vos ennemis dans des combats au corps-à-corps privilégiant la pensée tactique et la précision létale.
• Vivez le récit émouvant d’un père et de son fils, alors que Kratos lutte pour contrôler la rage qui l’a si longtemps alimenté.",,,,,,,"God of War,PS4",,,1,2021-03-01,Sony,2018-04-20,,711719357773,711719357773,,
"PlayStation 4",Bloodborne,"Pourchassez vos cauchemars !
Un voyageur solitaire. Une ville maudite. Un inquiétant mystère qui contamine tout ce qu'il touche. Affrontez vos peurs en pénétrant dans la ville en ruines de Yharnam, un lieu abandonné et dévasté par une terrible maladie. Arpentez les ténèbres, utilisez lames et armes à feu pour survivre, et découvrez des secrets qui vous glaceront le sang... pour peut-être mieux vous sauver la vie.",,,,,,,PS4,,,1,2021-03-01,Sony,2015-03-25,,711719800118,711719800118,,
"PlayStation Portable","3rd Birthday - Twisted Edition, The","Vous êtes le dernier espoir pour sauver notre monde dans ce jeu d'action à couper le souffle.

The 3rd Birthday ouvre un nouveau chapitre captivant pour Aya Brea, l’héroïne emblématique de la célèbre série PARASITE EVE®. L’action se déroule en 2012, dans un New York prêt à capituler sous l’invasion des impitoyables Twisted, où Aya se dresse comme dernier espoir de survie du genre humain.

Voyagez au fil d’un scénario riche en suspense et rencontrez les personnages fascinants de ce jeu de tir à la troisième personne, servi par un rythme endiablé et des graphismes d’une qualité inégalée sur console portable. Personnalisez vos armes et accomplissez des missions palpitantes !",,,,,,,PSP,,,1,2021-05-06,"Square Enix",2010-04-01,,,5021290046818,,"Jeunes adultes"
"PlayStation Portable","Dissidia 012 [duodecim] Final Fantasy - Legacy Edition","DISSIDIA 012 [duodecim] FINAL FANTASY fait suite au hit mondial DISSIDIA FINAL FANTASY.

Les heros et ennemis les plus memorables de la serie FINAL FANTASY s'affrontent dans ce jeu qui allie des combats explosifs et une dimension RPG passionnante !

Le titre fait référence a la ""douzieme bataille"" (du latin ""duodecim""), la guerre entre Cosmos et Chaos qui sert de cadre a l'intrigue de cet episode. De nouveaux guerriers vont bientot rejoindre les camps du Bien et du Mal...

DISSIDIA 012[duodecim] FINAL FANTASY propose de nouveaux modes de jeu, des missions, des objets, des costumes et des elements de combat inedits qui viendront enrichir l'univers de DISSIDIA. Preparez-vous pour le
retour du jeu de combat ultime sur console portable !

Outre l'exemplaire de DISSIDIA 012[duodecim] FINAL FANTASY, l'Édition Legacy comprendra nombre d'éléments collector comme une tenue inédite téléchargeable pour Tifa et Squall, et six lithographies de personnages présentées dans une pochette blanche sérigraphiée. Cette édition inclura aussi un coupon de réduction de 50% pour l'achat de FINAL FANTASY sur le PlayStation®Store.",,,,,,,"Final Fantasy,PSP",,,1,2021-05-06,"Square Enix",,,,5021290046665,,
"PlayStation 2","Dragon Quest : L'Odyssée du Roi Maudit","Huitième épisode de la saga de Yuji Horii, Dragon Quest : L'Odyssée du Roi Maudit vous entraîne en quête d'un remède pour le roi Trode, changé en crapaud par le vil bouffon Dhoulmagus après avoir entravé ses plans. Accompagné d'un mystérieux mais courageux garçon dont on ne sait rien, d'un voleur balafré et de bien d'autres compagnons, nos héros vont devoir lever la malédiction et sauver leur royaume, figé dans la pierre.",,,,,,,PS2,,,1,2021-05-06,Square,,,,5060121820036,,
"PlayStation 2","Tomb Raider: Underworld","Les aventures de l'exploratrice Lara Croft continuent dans ce 8ème volet sur PS2 intitulé Underworld. Dans cet épisode, l'intrépide Lara tente de percer les mystères du calendrier maya qui prédit une fin du monde imminente. Notre globe-trotteuse doit alors se mettre à la recherche du portail maudit menant vers les Enfers et qui s'ouvrira lorsque le calendrier touchera à sa fin.",,,,,,,"PS2,Tomb Raider",,,1,2021-05-06,"Square Enix",2010-05-31,,,5021290035768,,
"PlayStation 2","Lara Croft: Tomb Raider - Legend","Lara Croft parcourt le globe à la recherche d'un antique artefact anglais et se retrouve confrontée à de puissants rivaux, menés par un ennemi mortel surgi du passé!

- La nouvelle quête de Lara l'amène dans des royaumes perdus, gardiens des Secrets du Passé. - Le système de contrôles modifié offre des mouvements fluides et intuitifs

- Le système d'animation dynamique se focalise sur le mouvement continu, permettant ainsi à Lara de passer les obstacles tout en fluidité et d'interagir dynamiquement avec toutes les surfaces.

- Lara utilise ses talents physiques pour combiner tir avec des mouvements uniques. Utilisez intelligemment l'environnement, le matériel technique et les armes pour passer les situations périlleuses.

- Un vaste panel de lieux exotiques et pittoresques et incluant des tombeaux antiques, des jungles menaçantes, des montagnes aux ruines enneigées ainsi que de nombreuses surprises.",,,,,,,"PS2,Tomb Raider",,,1,2021-05-06,"Square Enix",,,,5021290024052,,
"PlayStation 2","Kya : Dark Lineage","Kya and her brother Frank have been transported into a different dimension, and upon arriving are separated! Kya meets (and is saved by) the native creatures of this world (known as the Nativs), however Frank is captured by a dangerous enemy known as the Wolfens under the rule of Brazul. To make matters worse, Kya learns that the Wolfens are actually the peaceful Nativs which have been captured and transformed, and Brazul is actually her long lost father! Kya must now embark on a quest to rescue her brother as well as find a way to restore the Wolfen to their Nativ form and defeat Brazul.",,,,,,,PS2,,,1,2021-05-06,Atari,,,,3546430107621,,
"PlayStation 2","Kingdom Hearts II","Kingdom Hearts II sur PS2 fait suite au premier opus et garde l'ambiance action/aventure de son prédécesseur. Incarnez Roxas et Sora, toujours accompagné de Donald et Dingo et levez le mystère sur l'Organisation XIII et la disparition du roi Mickey. Rencontrez les personnages des dessins animés de Walt Disney et des jeux de Squaresoft (notamment Final Fantasy) dans une aventure pleine de poésie.",,,,,,,"Kingdom Hearts,PS2",,,1,2021-05-06,Square,,,,5060121820241,,
"PlayStation 2","Lara Croft: Tomb Raider - Anniversary","Tomb Raider : Anniversary est un jeu d'action et de plates-formes sur PC qui reprend le tout premier épisode des aventures de Lara Croft pour lui donner une seconde jeunesse, tant au niveau graphique que du gameplay. Redécouvrez ainsi le Pérou, la Grèce ou encore l'Egypte, aux côtés de la jolie brune engagée par la firme Natla Technologies, pour mettre la main sur des fragments d'une ancienne relique nommée le Scion.",,,,,,,"Platinum,PS2,Tomb Raider",,,1,2021-05-06,"Square Enix",2008-01-30,,,5021290031845,,
"PlayStation 2","Kingdom Hearts","Kingdom Hearts sur Playstation 2 est un jeu de rôle/action qui se déroule dans un univers où fusionnent Square Enix et Disney. Vous incarnez Sora, un jeune garçon, accompagné de Donald et Dingo, à la recherche de votre amie enlevée ainsi que du roi Mickey. Pour cela, vous allez traverser une multitude de niveaux reprenant les classiques de Walt Disney et les succès de Squaresoft, dont Final Fantasy.",,,,,,,"Kingdom Hearts,Platinum,PS2",,,1,2021-05-06,Sony,2003-08-26,,711719627418,711719627418,,
"PlayStation 2","Jak 3","Jak 3 se présente comme un jeu d'action et de plates-formes sur PS2. Dans ce troisième volet, Jak et son fidèle compagnon Daxter sont exilés vers une impitoyable terre à l'abandon. Les dangereuses créatures qui rôdent alentour ne sont rien en comparaison de ce que la suite de l'aventure leur réserve... Les véhicules, armes et pouvoirs inédits permettront-ils la survie de nos intrépides héros ?",,,,,,,"Jak & Dakter,Platinum,PS2",,,1,2021-05-06,"Sony Computer",2009-03-20,,711719695448,711719695448,,
"PlayStation 2","Shadow of the Colossus","Jeu d'action et d'aventure, Shadow of the Colossus vous plonge dans un monde empreint de poésie dans lequel vous incarnez un jeune héros, Wanda, accompagné de son fidèle destrier Argo à la recherche d'un pouvoir mystique. Ce pouvoir est gardé par 16 colosses qui peuplent le monde, il vous faut les trouver pour réveiller l'être aimée. Parcourez un monde sans frontière pour poursuivre votre but et laissez-vous porter dans un univers onirique.",,,,,,,"ICO,PS2",,,1,2021-05-06,Sony,,,711719654568,711719654568,,
"PlayStation Portable","Kingdom Hearts : Birth by Sleep","Kingdom Hearts : Birth by Sleep est un opus exclusif à la PSP qui relate des événements antérieurs aux autres épisodes de la série. L'histoire est divisée en trois scénarios accessibles dans n'importe quel ordre et centrés sur chacun des trois héros du jeu : Terra, Ventus et Aqua. Leur style de combat évolue de façon dynamique en fonction des techniques utilisées, ces dernières pouvant être engendrées par un système de fusion très approfondi.",,,,,,,"Kingdom Hearts,PSP",,,1,2021-05-06,"Square Enix",,,662248910086,662248910086,,
"PlayStation Portable","Dissidia : Final Fantasy","Dissidia : Final Fantasy est un jeu de combat qui réunit les principaux personnages de la saga de Square Enix. Il s'inspire également du background et des musiques originales pour offrir aux fans un cross-over qui brille par sa durée de vie et l'originalité de son système de jeu.",,,,,,,"Final Fantasy,PSP",,,1,2021-05-06,"Square Enix",,,,5060121825574,,
"PlayStation Portable","Jak and Daxter : The Lost Frontier","Jak and Daxter : The Lost Frontier sur Playstation 2 reprend là où le troisième volet s'est arrêté. Vous retrouvez le duo parti aider Kieira à devenir une Sage pour sauver le monde. Le titre inclut des phases en véhicules dans des décors très aériens.",,,,,,,"Essentials,Jak & Dakter,PSP",,,1,2021-05-06,Playstation,2011-10-26,,711719155997,711719155997,,"12 ans et plus"
"PlayStation Portable","Prince of Persia : Les Sables Oubliés","Prince of Persia : Les Sables Oubliés est un épisode de la série Les Sables du Temps. Ce jeu se passe entre les deux premiers épisodes de la trilogie, alors que le prince rend visite à son frère. Celui-ci invoque alors une armée de monstres sur son royaume suite à une méprise. Le joueur a accès à de nouveaux pouvoirs, notamment liés au contrôle de la nature.",,,,,,,PSP,,,1,2021-05-06,Ubisoft,2010-05-20,,,3307212805971,,"16 ans et plus"
"PlayStation Portable","God of War : Ghost of Sparta","God of War : Ghost of Sparta est le deuxième épisode PSP de cette série de jeux d'action qui arrive cette fois sur PS3 en version HD. On retrouve pour l'occasion Kratos alors que ce dernier vient d'usurper le titre de dieu de la guerre à Arès. Le scénario de ce volet le situe donc chronologiquement entre les deux opus sortis sur PS2.",,,,,,,"God of War,PSP",,,1,2021-05-06,Playstation,2010-11-05,,711719167471,711719167471,,Inconnu
"PlayStation Portable","Crisis Core : Final Fantasy VII","Crisis Core sur PSP prend place sept ans avant l'histoire de Final Fantasy VII et fait le jour sur les principales zones d'ombre du scénario. La trame est essentiellement axée sur Zack, le personnage principal, et ses relations avec les autres membres du SOLDAT, dont Cloud et Sephiroth. On y découvre également plusieurs protagonistes inédits dans la série, à commencer par Angeal et Génésis.",,,,,,,"Final Fantasy,Platinum,PSP",,,1,2021-05-06,"Square Enix",,,,5060121824577,,Adolescents
"PlayStation Portable","God of War : Chains of Olympus","Premier du nom sur PSP, God Of War : Chains Of Olympus vous met à nouveau dans la peau de Kratos. Le mythique guerrier grec part en croisade contre une Morphée bien décidée à quitter le royaume des rêves pour la Terre, après avoir endormi tous les autres Dieux. C'est à Kratos de le remettre à sa place dans ce beat'em all sanglant et impressionnant.",,,,,,,"God of War,Platinum,PSP",,,1,2021-05-06,"Sony Computer",2008-10-17,,711719750253,711719750253,,"Jeunes adultes"
"Game Boy Advance","Legend of Zelda: A Link to the Past & Four Swords, The","In this classic NES game, you'll embark on a quest to find the Triforce, slay Ganon, and save Princess Zelda. The Legend of Zelda comes to the Game Boy Advance, complete with all the dungeons, puzzles, and menacing enemies from the original game. As Link, you can brandish a variety of weapons, including swords, boomerangs, bombs, and arrows. Collect rupees to buy even more weapons and other special items. There are many secrets, hidden passages, and caves to be found in Hyrule--now you can see if you still have what it takes to find them.",,,,,,,"GBA,The Legend of Zelda",,,1,2021-05-07,Capcom,2002-12-02,,045496731823,,,
